{"cameraMode":{"drawMode":0,"name":"Shaded","section":"Shading Mode"},"sceneLighting":false,"audioPlay":false,"sceneViewState":{"showFog":true,"showMaterialUpdate":false,"showSkybox":false,"showFlares":true,"showImageEffects":true,"showParticleSystems":true},"in2DMode":false,"pivot":{"x":-2.9289190769195558,"y":2.858038902282715,"z":3.445125102996826},"rotation":{"x":-0.3535081744194031,"y":0.35715383291244509,"z":-0.14813821017742158,"w":-0.8519167900085449},"size":2.19716739654541,"orthographic":false}