{"cameraMode":{"drawMode":0,"name":"Shaded","section":"Shading Mode"},"sceneLighting":false,"audioPlay":false,"sceneViewState":{"showFog":true,"showMaterialUpdate":false,"showSkybox":true,"showFlares":true,"showImageEffects":true,"showParticleSystems":true},"in2DMode":false,"pivot":{"x":0.21833285689353944,"y":2.2280216217041017,"z":-11.124696731567383},"rotation":{"x":-0.00037485038046725094,"y":-0.9984447956085205,"z":0.006900263950228691,"w":-0.05549618974328041},"size":1.9497482776641846,"orthographic":false}